{
  "learned": {
    "mi_per_layer": {
      "mean_per_layer": [
        1.0076027945118031,
        3.5255729921083536,
        2.5273251685461084,
        1.9621522928333388,
        0.6347655441045307,
        0.42171947993085485,
        0.045196777634793746,
        0.09626764921120069,
        0.061940611750238544,
        0.10589023191630638,
        0.11767369417739715,
        0.058903281658485275
      ],
      "std_per_layer": [
        0.6939051205941148,
        0.14103916872267197,
        0.4942671610855775,
        0.10098206889604085,
        0.09741901111899207,
        0.24836026763067706,
        0.010512531584567044,
        0.03451334158966745,
        0.020862351421512933,
        0.04320667479826054,
        0.022864511127821178,
        0.018515862326429204
      ],
      "overall_mean": 0.8804175431986176,
      "overall_std": 1.1487931766955475
    },
    "probe": {
      "row": {
        "mean": 51.92307692307691,
        "std": 1.9187986598840738
      },
      "column": {
        "mean": 58.71794871794872,
        "std": 0.725237724293899
      }
    },
    "dimension_entropy_mean": {
      "mean": 5.057071690362634,
      "std": 0.0026822867005427582
    },
    "dimension_variance_mean": {
      "mean": 0.0009961575851775706,
      "std": 3.398642278985122e-05
    }
  },
  "sinusoidal": {
    "mi_per_layer": {
      "mean_per_layer": [
        2.231820264216438,
        4.066863702948798,
        3.807082030080155,
        2.233766847542929,
        1.3395565718541873,
        0.15944535721175632,
        0.16428804230572003,
        0.0569280752794504,
        0.06651428772698803,
        0.09273658591315052,
        0.1181704065742968,
        0.07512408524964402
      ],
      "std_per_layer": [
        0.29912663275531093,
        0.12420206957642994,
        0.1983244156662707,
        0.2687213486879443,
        0.3569201585784341,
        0.0636312740775366,
        0.031959175171260054,
        0.015035348976235588,
        0.02502250752353355,
        0.03492934789451459,
        0.04154131669042031,
        0.0064156267998667455
      ],
      "overall_mean": 1.2010246880752926,
      "overall_std": 1.4699748442219902
    },
    "probe": {
      "row": {
        "mean": 86.02564102564104,
        "std": 0.0
      },
      "column": {
        "mean": 0.0,
        "std": 0.0
      }
    },
    "dimension_entropy_mean": {
      "mean": 5.425050555232907,
      "std": 0.0
    },
    "dimension_variance_mean": {
      "mean": 0.1763312816619873,
      "std": 0.0
    }
  },
  "rope": {
    "mi_per_layer": {
      "mean_per_layer": [
        1.5484300414848426,
        4.629496673416775,
        4.81270954215091,
        3.6046212302709066,
        2.184415303912294,
        1.9794956208177183,
        1.4335379759517355,
        0.89062782885567,
        0.6233845075803536,
        0.18447688974469068,
        0.23620462403631226,
        0.1330366341007866
      ],
      "std_per_layer": [
        0.49142838025074115,
        0.09622962269020807,
        0.23037166550998514,
        0.8618941987869372,
        0.5425494312230927,
        0.773760334262777,
        0.177664659211547,
        0.6205684434717356,
        0.4564410679605435,
        0.07201971649971001,
        0.07534525710625567,
        0.028904104155565873
      ],
      "overall_mean": 1.8550364060269162,
      "overall_std": 1.6658917112761944
    }
  },
  "alibi": {
    "mi_per_layer": {
      "mean_per_layer": [
        4.312246774857943,
        4.808272846825024,
        4.868625402932611,
        4.180724526075445,
        3.4744947103438526,
        2.9990999830733323,
        3.406801677110822,
        3.4211533989433582,
        3.8737088561846384,
        4.293221286147105,
        4.434239149176207,
        3.3714594107188094
      ],
      "std_per_layer": [
        0.11236982307668253,
        0.11204852650038327,
        0.09880186269748643,
        0.061877037411154,
        0.1979570063041707,
        0.10124369826957531,
        0.26915046685721983,
        0.30205260635032777,
        0.19582121108514283,
        0.37735898589078015,
        0.39338665752992225,
        0.0685765421903246
      ],
      "overall_mean": 3.9536706685324288,
      "overall_std": 0.629468425006428
    }
  },
  "alibi_2d": {
    "mi_per_layer": {
      "mean_per_layer": [
        2.8845239979874915,
        4.79361865989044,
        3.3950885752537077,
        3.0925328837202195,
        3.0066050011124754,
        2.4557705847987763,
        2.2465220036649023,
        2.031172543337355,
        3.220993309899596,
        3.426521017942741,
        2.9604326127329386,
        2.1262154613529276
      ],
      "std_per_layer": [
        0.899474114702295,
        0.13663576242346454,
        0.23566511861311054,
        0.09446322966206026,
        0.12238716734209358,
        0.25945793533373335,
        0.24389648281512297,
        0.13704305230424169,
        0.40754634777808385,
        0.6844096355352925,
        0.062214174459348945,
        0.09843775790761118
      ],
      "overall_mean": 2.969999720974464,
      "overall_std": 0.8105289847053572
    }
  }
}