{
  "learned": {
    "mi_per_layer": {
      "mean_per_layer": [
        0.7318458349700833,
        4.467034876091099,
        3.3437337294489797,
        2.018374285061966,
        0.20893267155950093,
        0.0815313419641475,
        0.042165868760775216,
        0.05507559729885219,
        0.03865633925986592,
        0.12362895638173313,
        0.35985090522357366,
        0.20034964170248934
      ],
      "std_per_layer": [
        0.0,
        0.0,
        0.0,
        0.0,
        0.0,
        0.0,
        0.0,
        0.0,
        0.0,
        0.0,
        0.0,
        0.0
      ],
      "overall_mean": 0.9725983373102557,
      "overall_std": 1.4327869461525726
    },
    "probe": {
      "row": {
        "mean": 81.67948717948718,
        "std": 0.0
      },
      "column": {
        "mean": 49.00000000000001,
        "std": 0.0
      }
    },
    "dimension_entropy_mean": {
      "mean": 5.50385607666129,
      "std": 0.0
    },
    "dimension_variance_mean": {
      "mean": 0.010663297027349472,
      "std": 0.0
    }
  },
  "sinusoidal": {
    "mi_per_layer": {
      "mean_per_layer": [
        2.9901883230444737,
        5.4319178554715135,
        5.031914500237303,
        1.9024860707485178,
        2.032892934497321,
        0.06917506402604913,
        0.05560340911587254,
        0.061908259604262494,
        0.03392405667486771,
        0.09692627183924568,
        0.2243842881535307,
        0.16168969069013464
      ],
      "std_per_layer": [
        0.0,
        0.0,
        0.0,
        0.0,
        0.0,
        0.0,
        0.0,
        0.0,
        0.0,
        0.0,
        0.0,
        0.0
      ],
      "overall_mean": 1.5077508936752573,
      "overall_std": 1.922199741341807
    },
    "probe": {
      "row": {
        "mean": 89.32051282051283,
        "std": 0.0
      },
      "column": {
        "mean": 0.0,
        "std": 0.0
      }
    },
    "dimension_entropy_mean": {
      "mean": 5.65907839844808,
      "std": 0.0
    },
    "dimension_variance_mean": {
      "mean": 0.23708711564540863,
      "std": 0.0
    }
  },
  "rope": {
    "mi_per_layer": {
      "mean_per_layer": [
        6.7875922771938555,
        6.148242954833092,
        4.513904750179046,
        3.8411651517640584,
        2.266635656014409,
        1.3525067989177662,
        0.20698805868144698,
        0.1459985162690613,
        0.11587516732328362,
        0.09748383635950114,
        0.315321942076944,
        0.21332919046594778
      ],
      "std_per_layer": [
        0.0,
        0.0,
        0.0,
        0.0,
        0.0,
        0.0,
        0.0,
        0.0,
        0.0,
        0.0,
        0.0,
        0.0
      ],
      "overall_mean": 2.1670870250065346,
      "overall_std": 2.4125700502318694
    }
  },
  "alibi": {
    "mi_per_layer": {
      "mean_per_layer": [
        4.488353178599461,
        5.702580121988224,
        5.904374170290849,
        5.614219481730245,
        5.145200155999489,
        4.840251740946959,
        4.0266407548817424,
        4.689254718505726,
        5.057548718588673,
        5.4400732883925125,
        5.1210080462086545,
        6.6246470101892765
      ],
      "std_per_layer": [
        0.0,
        0.0,
        0.0,
        0.0,
        0.0,
        0.0,
        0.0,
        0.0,
        0.0,
        0.0,
        0.0,
        0.0
      ],
      "overall_mean": 5.221179282193483,
      "overall_std": 0.6649064383782302
    }
  }
}