{
  "learned": {
    "mi_per_layer": {
      "mean_per_layer": [
        0.8577333781279589,
        2.402008251973525,
        3.997373155115374,
        3.5361932684277675,
        2.0637213332104936,
        0.9373950887847124,
        0.06121161040085065,
        0.03322376046707145,
        0.03167830456156737,
        0.09290529168864232,
        0.13942626369036512,
        0.2104030103752467
      ],
      "std_per_layer": [
        0.43230142018107537,
        1.0096087022435807,
        0.20357797462723404,
        0.5176385711915025,
        0.36498609609855676,
        0.5291561611662968,
        0.046969009717398494,
        0.008060487181739878,
        0.0020494362237863275,
        0.035040446766413616,
        0.054787096900127,
        0.010004689104779361
      ],
      "overall_mean": 1.1969393930686312,
      "overall_std": 1.4418825097627386
    },
    "probe": {
      "row": {
        "mean": 76.16666666666667,
        "std": 1.2746366788854693
      },
      "column": {
        "mean": 31.273504273504273,
        "std": 5.1475844656459175
      }
    },
    "dimension_entropy_mean": {
      "mean": 5.500937628018266,
      "std": 0.0034265638320496324
    },
    "dimension_variance_mean": {
      "mean": 0.004265195845315854,
      "std": 2.740189900146066e-05
    }
  },
  "sinusoidal": {
    "mi_per_layer": {
      "mean_per_layer": [
        1.9028891470013163,
        3.5902386209073724,
        5.398429046083656,
        4.510149793449629,
        3.1296735805023714,
        1.7088347661895706,
        0.47732021479231923,
        0.035975107378020905,
        0.021868999358504098,
        0.030855077039431772,
        0.057077836037063595,
        0.14781462955954972
      ],
      "std_per_layer": [
        0.3154417337071207,
        1.0459086066685006,
        0.2027327356872436,
        0.21347019506737003,
        0.13272420898940376,
        0.09975148951170312,
        0.11596307983514216,
        0.02497372493041631,
        0.0056475890808761215,
        0.004084997817045336,
        0.0058008591595576356,
        0.05676499027671848
      ],
      "overall_mean": 1.7509272348582339,
      "overall_std": 1.90398732475314
    },
    "probe": {
      "row": {
        "mean": 89.32051282051283,
        "std": 0.0
      },
      "column": {
        "mean": 0.0,
        "std": 0.0
      }
    },
    "dimension_entropy_mean": {
      "mean": 5.659078395193572,
      "std": 0.0
    },
    "dimension_variance_mean": {
      "mean": 0.23708711564540863,
      "std": 0.0
    }
  },
  "rope": {
    "mi_per_layer": {
      "mean_per_layer": [
        3.29035206099643,
        5.959522060136794,
        6.165529698356356,
        3.769991890496307,
        2.8724899134982214,
        2.7282644808892367,
        2.5240798984564488,
        1.6880218173749997,
        1.1891899115960747,
        0.9817349246827054,
        0.14916808409551358,
        0.2063541519052902
      ],
      "std_per_layer": [
        0.5778172663891119,
        0.12885340092772957,
        0.14168504340859003,
        0.21928959957624755,
        0.16999904763467677,
        0.5521991447792889,
        0.31829358016779435,
        0.25912479090940505,
        0.5930228270034544,
        0.6371723612814951,
        0.04674674125804144,
        0.010011523341286188
      ],
      "overall_mean": 2.627058241040365,
      "overall_std": 1.9319764400884236
    }
  },
  "alibi": {
    "mi_per_layer": {
      "mean_per_layer": [
        2.737603563091407,
        5.65367157849596,
        6.104018896879224,
        5.679386225669444,
        4.94366928532817,
        4.33674971281381,
        4.350873949906049,
        4.07218839067915,
        5.0493455821711875,
        5.62037043431495,
        6.361669455249507,
        7.0885263133004885
      ],
      "std_per_layer": [
        0.21110078696453413,
        0.43837157488282497,
        0.18487879428348034,
        0.3136765139942212,
        0.2167731032237228,
        0.4701302233687603,
        0.42276951313998884,
        0.08894810039920566,
        0.19822790128249299,
        0.2841988387232744,
        0.2963966640305461,
        0.1960334726539803
      ],
      "overall_mean": 5.166506115658279,
      "overall_std": 1.1652044904094527
    }
  },
  "alibi_2d": {
    "mi_per_layer": {
      "mean_per_layer": [
        0.2331552607644324,
        3.7860077792701965,
        4.471688848617123,
        5.111700821440353,
        4.3027639979822725,
        3.7598651557548437,
        2.9354893032142813,
        2.129988751428425,
        2.76309661396636,
        2.8316498792193765,
        3.680940083913923,
        4.872265888259624
      ],
      "std_per_layer": [
        0.07608515402016998,
        0.9074587039917362,
        0.784884795097574,
        0.28848880512922415,
        0.6057120291577065,
        0.2867922592228627,
        0.176571437545532,
        0.29705201269068415,
        0.5265993899706043,
        0.31408797679921585,
        0.7514126326152762,
        0.35395300356973164
      ],
      "overall_mean": 3.4065510319859342,
      "overall_std": 1.3894582893523038
    }
  }
}